<?xml version="1.0" encoding="UTF-8"?>
<application xmlns="http://java.sun.com/xml/ns/javaee"
             xmlns:xsi="http://www.w3.org/2001/XMLSchema-instance"
             xsi:schemaLocation="http://java.sun.com/xml/ns/javaee http://java.sun.com/xml/ns/javaee/application_5.xsd"
             version="5">
	<display-name>KiPf Fahrrad Webshop</display-name>
<!-- 	<module>
		<web>
			<web-uri>shopWeb.war</web-uri>
			<context-root>shopWeb</context-root>
		</web>
	</module> -->
	<module>
		<java>shopTestClient.jar</java>
	</module>
	<module>
		<ejb>shopEJB.jar</ejb>
	</module>
</application>
