benutzername;regdatum;passwort;gesperrt;vorname;nachname;geschlecht;strasse;plz;ort;geburtsdatum;email;newsletter
tobi;01.10.2006 00:00:00;zW8zq4adOUYBRwZNXFpy8YL3u5UC7XP44jmlpi/2nUI=;false;Tobias;Pfeifer;m;Schlossallee 1;76133;Karlsruhe;16.02.1987;pfto0011@hs-karlsruhe.de;false
jens;01.10.2006 00:00:00;/zjSVnuBI9EUShXqd9lp8edCqL3NfzHEinz99MQDdmM=;false;Jens;Kirchner;m;Parkstraße 7;76133;Karlsruhe;26.07.1975;kije0011@hs-karlsruhe.de;true
xhugendubel;10.10.2006 00:00:00;ULSRhFaYrEs4r92obxR0fYpd6s5jZYLgvBEP8Bq2wDM=;false;Xaver;Hugendubel;m;Badstraße 12;76433;Eggenstein;11.04.1956;xaver@hotmail.com;true
susi;11.10.2006 00:00:00;t3zumZxy8a/Kynl0NFI4+S4ibY9K/hn5ztPNcvafBfI=;false;Susi;Sorglos;w;Bahnhofstraße 1;20095;Hamburg;03.12.1985;susis@t-online.de;true
homer;29.10.2006 06:00:00;Kqq3lbODaQT4LvxsoihdknrtdSBiFOHaODQY65DJBS8=;true;Homer;Simpson;m;Turmstraße 35;73098;Rechberghausen;23.09.1964;homer@simpson.us;true
