/* PostgreSQL Syntax*/




/* Tabellen loeschen*/

/*
DROP TABLE AUTOBUCHUNG;
DROP TABLE OEFFNUNGZEIT;
DROP TABLE STATION;
DROP TABLE KUNDE_1;
DROP TABLE FLUGHAFEN;
DROP TABLE STRASSE;
DROP TABLE ORTSTEIL;
DROP TABLE PLZ;
DROP TABLE ORT;
DROP TABLE LAND;
DROP TABLE AUTO;
DROP TABLE FAHRZEUGGRUPPE;

*/



/* Tabellen erstellen */




CREATE TABLE FAHRZEUGGRUPPE (
Fahrzeuggruppe_ID VARCHAR (1)	NOT NULL,
Beispielauto VARCHAR (20)	NOT NULL,
Fahrzeuggruppepreis	NUMERIC (5,2)	NOT NULL,
CONSTRAINT 	pk_fg	PRIMARY KEY (Fahrzeuggruppe_ID),
CONSTRAINT 	p_fg_ck	CHECK  (Fahrzeuggruppepreis > 0)
);




CREATE TABLE AUTO (
Auto_ID	NUMERIC (12)	NOT NULL,
Autokennzeichen	VARCHAR (15)	NOT NULL,
Preis	NUMERIC (5,2)	NOT NULL,
Getriebe	VARCHAR (10)	NOT NULL,
Klimaanlage	NUMERIC (1)	NOT NULL,
Antrieb	VARCHAR (10)	NOT NULL,
Anzahl_Tueren	NUMERIC (1)	NOT NULL,
Anzahl_Sitze	NUMERIC (1)	NOT NULL,
Gepaeckstuecke	VARCHAR (25)	NOT NULL,
Mindestalter_zur_Anmietung	NUMERIC (2)	NOT NULL,
Maximales_Alter_zur_Anmietung NUMERIC (2)	NOT NULL,
Fuehrerschein_im_Besitz_seit	NUMERIC (2)	NOT NULL,
Motorleistung	NUMERIC (3)	NOT NULL,
Zylinder	NUMERIC (2)	NOT NULL,
Hubraum	NUMERIC (2,1)	NOT NULL,
Hoechstgeschwindigkeit	NUMERIC (3)	NOT NULL,
Kraftstoffverbrauch	NUMERIC (3,1)	NOT NULL,
Kraftstoffart	VARCHAR (1)	NOT NULL,
Fahrer_Airbag	NUMERIC (1)	NOT NULL,
Beifahrer_Airbag	NUMERIC (1)	NOT NULL,
Seiten_Airbag	NUMERIC (1)	NOT NULL,
Sicherheitsgurte	NUMERIC (1)	NOT NULL,
ABS	NUMERIC (1)	NOT NULL,
Zentralverriegelung	NUMERIC (1)	NOT NULL,
Diebstahlsicherung	NUMERIC (1)	NOT NULL,
Servolenkung	NUMERIC (1)	NOT NULL,
Elektrische_Fensterheber	NUMERIC (1)	NOT NULL,
Autoradio	NUMERIC (1)	NOT NULL,
Kassette	NUMERIC (1)	NOT NULL,
CD_Spieler	NUMERIC (1)	NOT NULL,
Fahrzeuggruppe	VARCHAR (1)	NOT NULL,
CONSTRAINT 	pk_auto	PRIMARY KEY (Auto_ID),
CONSTRAINT	fk_fg	FOREIGN KEY (Fahrzeuggruppe)
REFERENCES	FAHRZEUGGRUPPE (Fahrzeuggruppe_ID),
CONSTRAINT 	pk_auto_ck	CHECK  (Auto_ID>0),
CONSTRAINT 	pr_auto_ck	CHECK  (Preis>0),
CONSTRAINT 	alt1_auto_ck	CHECK  (Mindestalter_zur_Anmietung >=18),
CONSTRAINT 	alt2_auto_ck	CHECK  (Maximales_Alter_zur_Anmietung <=99)
);


CREATE TABLE LAND (
Landkennzeichen	VARCHAR (3)	NOT NULL,
Landesname	VARCHAR (25)	NOT NULL,
CONSTRAINT 	pk_land 	PRIMARY KEY (Landkennzeichen)
);

CREATE TABLE ORT (
Ort_ID	NUMERIC (12)	NOT NULL,
Ortsname	VARCHAR (25)	NOT NULL,
Land	VARCHAR (3)	NOT NULL,
CONSTRAINT 	pk_ort	PRIMARY KEY (Ort_ID),
CONSTRAINT	fk_land	FOREIGN KEY (Land)
REFERENCES	LAND (Landkennzeichen),
CONSTRAINT 	pk_ort_ck	CHECK  (Ort_ID>0)
);

CREATE TABLE PLZ (
PLZ	VARCHAR (10)	NOT NULL,
Ort	NUMERIC (12)	NOT NULL,
CONSTRAINT 	pk_plz	PRIMARY KEY (PLZ),
CONSTRAINT	fk_ort_plz	FOREIGN KEY (Ort)
REFERENCES	ORT (Ort_ID)
);


CREATE TABLE ORTSTEIL (
Ortsteil_ID 	NUMERIC (12)	NOT NULL,
Bezeichnung	VARCHAR (45)	NOT NULL,
Ort	NUMERIC (12)	NOT NULL,
CONSTRAINT 	pk_ortsteil	PRIMARY KEY (Ortsteil_ID),
CONSTRAINT	fk_ort	FOREIGN KEY (Ort)
REFERENCES	ORT (Ort_ID),
CONSTRAINT 	pk_ortsteil_ck	CHECK  (Ortsteil_ID>0)
);

CREATE TABLE STRASSE (
Strasse_ID	NUMERIC (15)	NOT NULL,
Strassename_und_Hausnummer	VARCHAR (45)	NOT NULL,
Laengegrad	NUMERIC (4,2)	NOT NULL,
Breitegrad	NUMERIC (4,2)	NOT NULL,
Ortsteil	NUMERIC (12)	NOT NULL,
CONSTRAINT 	pk_strasse	PRIMARY KEY (Strasse_ID),
CONSTRAINT	fk_ortteil	FOREIGN KEY (Ortsteil)
REFERENCES	ORTSTEIL (Ortsteil_ID),
CONSTRAINT 	pk_strasse_ck	CHECK  (Strasse_ID>0)
);

CREATE TABLE FLUGHAFEN (
Code	VARCHAR (3)	NOT NULL,
Name 	VARCHAR (15)	NOT NULL,
Strasse	NUMERIC	 (15)	NOT NULL,
CONSTRAINT 	pk_flughafen	PRIMARY KEY (Code),
CONSTRAINT	fk_strasse_fg	FOREIGN KEY (Strasse)
REFERENCES	STRASSE (Strasse_ID)
);

CREATE TABLE  KUNDE_1 (
Kunde_ID	NUMERIC	NOT NULL,
Anrede	VARCHAR (4)	NOT NULL,
Titel	VARCHAR (25)	NULL,
Vorname	VARCHAR (25)	NOT NULL,
Name	VARCHAR (25)	NOT NULL,
Firma	VARCHAR (45)	NULL,
Telefon	VARCHAR (25)	NOT NULL,
Mobil_tel	VARCHAR (25)	NOT NULL,
E_mail	VARCHAR (45)	NOT NULL,
Geburtsdatum	DATE	NOT NULL,
Wisard_Nummer	VARCHAR (15)	NOT NULL,
AWD_Nummer	VARCHAR (15)	NULL,
Fuererscheinnummer	VARCHAR (15)	NOT NULL,
Ausstellungsdatum	DATE	NOT NULL,
Kreditkartename	VARCHAR (25)	NOT NULL,
Kreditakartennummer	NUMERIC (15)	NOT NULL,
Gueltigkeitsdatum	DATE	NOT NULL,
Strasse	NUMERIC(15)	NOT NULL,
CONSTRAINT 	pk_kunde	PRIMARY KEY (Kunde_ID),
CONSTRAINT	fk_strasse_kn	FOREIGN KEY (Strasse)
REFERENCES	STRASSE (Strasse_ID),
CONSTRAINT 	pk_kunde_ck	CHECK  (KUNDE_ID>0)
);


CREATE TABLE STATION (
Station_ID	NUMERIC (4)	NOT NULL,
Telefonnummer	VARCHAR (25)	NOT NULL,
Strasse	NUMERIC (15)	NOT NULL,
CONSTRAINT 	pk_station	PRIMARY KEY (Station_ID),
CONSTRAINT	fk_strasse_st	FOREIGN KEY (Strasse)
REFERENCES	STRASSE (Strasse_ID),
CONSTRAINT 	pk_station_ck	CHECK  (Station_ID>0)
);



CREATE TABLE OEFFNUNGZEIT (
Oeffnungzeit_ID	NUMERIC (4)	NOT NULL,
Station	NUMERIC (4)	NOT NULL,
Mo	VARCHAR (15)	NOT NULL,
Di	VARCHAR (15)	NOT NULL,
Mi	VARCHAR (15)	NOT NULL,
Dn	VARCHAR (15)	NOT NULL,
Fr	VARCHAR (15)	NOT NULL,
Sa	VARCHAR (15)	NOT NULL,
So	VARCHAR (15)	NOT NULL,
CONSTRAINT 	pk_of_zeit	PRIMARY KEY (Oeffnungzeit_ID),
CONSTRAINT	fk_station	FOREIGN KEY (Station)
REFERENCES	STATION (Station_ID),
CONSTRAINT 	pk_of_ck	CHECK  (Oeffnungzeit_ID>0)
);


CREATE TABLE AUTOBUCHUNG (
Autobuchung_ID	NUMERIC (15)	NOT NULL,
Abholungszeit	DATE 	NOT NULL,
Rueckgabezeit	DATE 	NOT NULL,
Gesamtpreis	NUMERIC (7,2)	NOT NULL,
Zus_Fahrer	NUMERIC (1)	NOT NULL,
Buchungsdatum	DATE 	NOT NULL,
Abholungsstation	NUMERIC (4)	NOT NULL,
Rueckgabestation	NUMERIC (4)	NOT NULL,
Kunde	NUMERIC (12)	NOT NULL,
Auto	NUMERIC (12)	NOT NULL,
CONSTRAINT 	pk_autobuch	PRIMARY KEY (Autobuchung_ID),
CONSTRAINT	fk_abhol_st	FOREIGN KEY (Abholungsstation)
REFERENCES	STATION (Station_ID),
CONSTRAINT	fk_rueck_st	FOREIGN KEY (Rueckgabestation)
REFERENCES	STATION (Station_ID),
CONSTRAINT	fk_kunde	FOREIGN KEY (Kunde)
REFERENCES	KUNDE_1 (Kunde_ID),
CONSTRAINT	fk_auto	FOREIGN KEY (Auto)
REFERENCES	Auto (Auto_ID),
CONSTRAINT 	pk_autobh_ck	CHECK  (Autobuchung_ID>0),
CONSTRAINT 	zeit_autobh_ck	CHECK  (Rueckgabezeit>Abholungszeit)
);









--Erzeugte Tabellen mit den Werten Ausfuellen





INSERT INTO FAHRZEUGGRUPPE VALUES('A','FORD FIESTA', 98.00);
INSERT INTO FAHRZEUGGRUPPE VALUES('B','OPEL CORSA', 85.00);
INSERT INTO FAHRZEUGGRUPPE VALUES('C','VW GOLF', 85.00);
INSERT INTO FAHRZEUGGRUPPE VALUES('D','OPEL ASTRA', 89.00);
INSERT INTO FAHRZEUGGRUPPE VALUES('F','AUDI A3', 106.00);
INSERT INTO FAHRZEUGGRUPPE VALUES('E','BMW 3D', 99.00);
INSERT INTO FAHRZEUGGRUPPE VALUES('G','Mercedes-Benz C 220', 107.00);

INSERT INTO AUTO VALUES(1,'RA 2002 LV',98.00,'Automatik',1,
'Front',5,5,'2 Koffer,2 Taschen',20,
99,1,85,4,1.2,
190,6.6,'B',1,1,
0,1,1,1,1,
1,1,1,1,1,
'A');
INSERT INTO AUTO VALUES(2,'KA 2001 KK',98.00,'Handschalt',1,
'Front',5,5,'2 Koffer,2 Taschen',20,
99,1,85,4,1.2,
190,6.6,'B',1,1,
0,1,1,1,1,
1,1,1,1,1,
'A');
INSERT INTO AUTO VALUES(3,'S 2002 AA ',98.00,'Automatik',1,
'Front',5,5,'2 Koffer,2 Taschen',20,
99,1,85,4,1.2,
190,6.1,'D',1,1,
0,1,1,1,1,
1,1,1,1,1,
'A');
INSERT INTO AUTO VALUES(4,'K 1234 A',85.00,'Handschalt',1,
'Front',5,5,'2 Koffer,3 Taschen',18,
99,1,85,4,1.2,
195,6.8,'B',1,1,
1,1,1,1,1,
1,1,1,1,1,
'B');
INSERT INTO AUTO VALUES(5,'KA 22 ',85.00,'Automatik',1,
'Front',5,5,'2 Koffer,3 Taschen',18,
99,1,85,4,1.4,
190,6.9,'B',1,1,
0,1,1,1,1,
1,1,1,1,1,
'B');
INSERT INTO AUTO VALUES(6,'S 12 AA',85.00,'Handschalt',1,
'Front',5,5,'3 Koffer,2 Taschen',20,
99,1,110,4,1.8,
210,7.6,'B',1,1,
0,1,1,1,1,
1,1,1,1,1,
'C');
INSERT INTO AUTO VALUES(7,'S 123 AA',85.00,'Automatik',1,
'Front',3,5,'3 Koffer,2 Taschen',20,
99,1,110,4,1.8,
210,7.6,'B',1,1,
1,1,1,1,1,
1,1,1,1,1,
'C');
INSERT INTO AUTO VALUES(15,'B 22 RT',85.00,'Handschalt',1,
'Front',5,5,'3 Koffer,2 Taschen',20,
99,1,120,4,2.0,
190,7.6,'D',1,1,
0,1,1,1,1,
1,1,1,1,1,
'C');
INSERT INTO AUTO VALUES(16,'R 200 L',85.00,'Automatik',1,
'Front',3,5,'3 Koffer,2 Taschen',20,
99,1,120,4,2.0,
190,7.6,'D',1,1,
1,1,1,1,1,
1,1,1,1,1,
'C');
INSERT INTO AUTO VALUES(17,'C 568 D',89.00,'Automatik',1,
'Front',5,5,'3 Koffer,4 Taschen',18,
99,1,120,4,2.0,
190,6.8,'D',1,1,
0,1,1,1,1,
1,1,1,1,1,
'D');
INSERT INTO AUTO VALUES(8,'T 234 F',89.00,'Handschalt',1,
'Front',5,5,'2 Koffer,4Taschen',18,
99,1,120,4,1.6,
198,7.5,'B',1,1,
0,1,1,1,1,
1,1,1,1,1,
'D');
INSERT INTO AUTO VALUES(9,'A 667 DF',89.00,'Automatik',1,
'Front',3,5,'2 Koffer,4 Taschen',18,
99,1,90,4,1.6,
198,7.5,'B',1,1,
1,1,1,1,1,
1,1,1,1,1,
'D');
INSERT INTO AUTO VALUES(10,'F 1111 T',98.00,'Automatik',1,
'Heck',5,5,'3 Koffer,3 Taschen',20,
99,1,160,4,2.8,
240,7.2,'D',1,1,
1,1,1,1,1,
1,1,1,1,1,
'E');
INSERT INTO AUTO VALUES(11,'R 2334 HG',110.00,'Handschalt',1,
'Heck',5,5,'3 Koffer,3 Taschen',20,
99,1,146,4,1.8,
230,8.2,'B',1,1,
1,1,1,1,1,
1,1,1,1,1,
'E');
INSERT INTO AUTO VALUES(12,'A 2455 T',120.00,'Automatik',1,
'Front',5,5,'3 Koffer,3 Taschen',20,
99,1,137,4,1.6,
230,7.6,'B',1,1,
0,1,1,1,1,
1,1,1,1,1,
'F');
INSERT INTO AUTO VALUES(13,'M 567 FD',107.00,'Automatik',1,
'Heck',5,5,'3 Koffer,4 Taschen',20,
99,1,160,4,2.2,
240,7.6,'B',1,1,
1,1,1,1,1,
1,1,1,1,1,
'G');
INSERT INTO AUTO VALUES(14,'R 3567 KJ', 116.00,'Automatik',1,
'Heck',5,5,'3 Koffer,4 Taschen',20,
99,1,160,4,2.2,
240,6.6,'D',1,1,
1,1,1,1,1,
1,1,1,1,1,
'G');

INSERT INTO LAND VALUES('DE', 'DEUTSCHLAND');
INSERT INTO LAND VALUES('UA', 'UKRAINE');
INSERT INTO LAND VALUES('A', 'OESTEREICH');
INSERT INTO LAND VALUES('F', 'FRANKREICH');
INSERT INTO LAND VALUES('B', 'BELGIEN');
INSERT INTO LAND VALUES('ES', 'SPANIEN');
INSERT INTO LAND VALUES('PL', 'POLEN');

INSERT INTO ORT VALUES(1,'Rastatt', 'DE');
INSERT INTO ORT VALUES(2,'Karlsruhe', 'DE');
INSERT INTO ORT VALUES(3,'Pforzheim', 'DE');
INSERT INTO ORT VALUES(4,'Mannheim', 'DE');
INSERT INTO ORT VALUES(5,'Heidelberg', 'DE');
INSERT INTO ORT VALUES(6,'Berlin', 'DE');
INSERT INTO ORT VALUES(7,'Frankfurt am Main', 'DE');
INSERT INTO ORT VALUES(8,'Kassel', 'DE');
INSERT INTO ORT VALUES(9,'Stuttgart', 'DE');
INSERT INTO ORT VALUES(10,'Baden-Baden', 'DE');

INSERT INTO PLZ VALUES('76448', 1);
INSERT INTO PLZ VALUES('76131', 2);
INSERT INTO PLZ VALUES('75175', 3);
INSERT INTO PLZ VALUES('68161', 4);
INSERT INTO PLZ VALUES('69115', 5);
INSERT INTO PLZ VALUES('10115', 6);
INSERT INTO PLZ VALUES('60311', 7);
INSERT INTO PLZ VALUES('34117', 8);
INSERT INTO PLZ VALUES('70173', 9);
INSERT INTO PLZ VALUES('76530', 10);

INSERT INTO ORTSTEIL VALUES(1,'Rastatt-Zentrum', 1);
INSERT INTO ORTSTEIL VALUES(2,'Karsruhe-Zentrum', 2);
INSERT INTO ORTSTEIL VALUES(3,'Pforzheim-Zentrum', 3);
INSERT INTO ORTSTEIL VALUES(4,'Mannheim-Zentrum', 4);
INSERT INTO ORTSTEIL VALUES(5,'Heidelberg-Zentrum', 5);
INSERT INTO ORTSTEIL VALUES(6,'Berlin-Zentrum', 6);
INSERT INTO ORTSTEIL VALUES(7,'Frankfurt am Main-Zentrum', 7);
INSERT INTO ORTSTEIL VALUES(8,'Kassel-Zentrum', 8);
INSERT INTO ORTSTEIL VALUES(9,'Stuttgart-Zentrum', 9);
INSERT INTO ORTSTEIL VALUES(10,'Baden-Baden-Zentrum', 10);


INSERT INTO STRASSE VALUES(1,'Untere Bahnhofstr.24', 99.78, 56.67, 1);
INSERT INTO STRASSE VALUES(2,'Mozartstr.1', 97.33, 56.67, 1);
INSERT INTO STRASSE VALUES(3,'Mozaartstr.110', 87.67, 58.67, 2);
INSERT INTO STRASSE VALUES(4,'Hauptstr.1',85.78, 58.67, 2);
INSERT INTO STRASSE VALUES(5,'Hauptstr.10', 94.78, 56.67, 3);
INSERT INTO STRASSE VALUES(6,'Hauptstr.100', 96.78, 36.67, 4);
INSERT INTO STRASSE VALUES(7,'Bahnhofstr.1', 49.78, 66.67, 5);
INSERT INTO STRASSE VALUES(8,'Bahnhofstr.10', 29.78, 76.67, 5);
INSERT INTO STRASSE VALUES(9,'Bahnhofstr.30', 79.78, 26.67, 6);
INSERT INTO STRASSE VALUES(10,'Bahnhofstr.50', 29.78, 55.67, 6);
INSERT INTO STRASSE VALUES(11,'Bahnhofstr.100', 56.78, 34.67, 6);
INSERT INTO STRASSE VALUES(12,'Poststr.1', 11.78, 24.67, 7);
INSERT INTO STRASSE VALUES(13,'Poststr.10', 23.78, 56.67, 8);
INSERT INTO STRASSE VALUES(22,'Poststr.30', 67.78, 13.67, 8);
INSERT INTO STRASSE VALUES(14,'Poststr.50', 11.78, 45.67, 9);
INSERT INTO STRASSE VALUES(15,'Poststr.100', 67.78, 34.67, 1);
INSERT INTO STRASSE VALUES(16,'Industriestr.1', 01.78, 56.62, 1);
INSERT INTO STRASSE VALUES(17,'Industriestr.1', 95.78, 23.37, 2);
INSERT INTO STRASSE VALUES(18,'Industriestr.1', 33.78, 56.65, 3);
INSERT INTO STRASSE VALUES(19,'Industriestr.10', 45.78, 56.34, 4);
INSERT INTO STRASSE VALUES(20,'Industriestr.110', 56.78, 56.68, 5);
INSERT INTO STRASSE VALUES(21,'Industriestr.25', 77.78, 56.60, 2);


INSERT INTO FLUGHAFEN VALUES('FKB','Baden Baden',3);
INSERT INTO FLUGHAFEN VALUES('FRA','Frankfurt ',4);


INSERT INTO KUNDE_1 VALUES(1,'Herr',NULL,'Roman','Laukart', NULL ,'07564/872387','0175/728978',
'kdjfdk@web.de',TO_DATE ('04.06.1975','DD.MM.YYYY') ,'1',NULL ,'AD646546',
TO_DATE ('12.12.1995', 'DD.MM.YYYY') ,'VISA', 4654776, TO_DATE ('11.11.2008', 'DD.MM.YYYY') ,1 );

INSERT INTO KUNDE_1 VALUES(2,'Herr',NULL,'Marco','Stein', NULL ,'07564/865643','0178/728978',
'kdsfdf@web.de',TO_DATE ('04.06.1977','DD.MM.YYYY') ,'2','13244' ,'JH46546',
TO_DATE ('12.12.1996', 'DD.MM.YYYY') ,'VISA', 4656876, TO_DATE ('13.11.2008', 'DD.MM.YYYY') ,2 );

INSERT INTO KUNDE_1 VALUES(3,'Herr','Doctor','Martin','Bach', NULL ,'07564/4096','0175/72044',
'kaaaaa@web.de',TO_DATE ('18.06.1979','DD.MM.YYYY') ,'3',NULL ,'AD64446',
TO_DATE ('12.12.1997', 'DD.MM.YYYY') ,'Mastercard', 697676, TO_DATE ('01.10.2008', 'DD.MM.YYYY') ,3 );

INSERT INTO KUNDE_1 VALUES(4,'Frau',NULL,'Veronika','Laukart', NULL ,'0456/872387','0175/111178',
'kdsssss@web.de',TO_DATE ('12.03.1978','DD.MM.YYYY') ,'4',NULL ,'AD641111',
TO_DATE ('10.10.1995', 'DD.MM.YYYY') ,'VISA', 4651111, TO_DATE ('01.11.2008', 'DD.MM.YYYY') ,4);

INSERT INTO KUNDE_1 VALUES(5,'Herr',NULL,'Heiko','LOrach', NULL ,'07564/8766666','0175/755555',
'kdrrrrr@web.de',TO_DATE ('15.06.1946','DD.MM.YYYY') ,'5',NULL ,'AD6455555',
TO_DATE ('12.12.1969', 'DD.MM.YYYY') ,'VISA', 4655555, TO_DATE ('11.11.2008', 'DD.MM.YYYY') ,5 );

INSERT INTO KUNDE_1 VALUES(6,'Herr',NULL,'Rico','Leure', NULL ,'07564/8766777','0175/727777',
'kttttt@web.de',TO_DATE ('04.11.1965','DD.MM.YYYY') ,'6',NULL ,'AD6466666',
TO_DATE ('12.12.1985', 'DD.MM.YYYY') ,'Mastercard', 465666, TO_DATE ('11.12.2008', 'DD.MM.YYYY') ,6 );

INSERT INTO KUNDE_1 VALUES(7,'Frau',NULL,'Lisa','Propanski', NULL ,'07564/77777','0178/728978',
'kggggg@web.de',TO_DATE ('20.09.1978','DD.MM.YYYY') ,'7',NULL ,'AD6098999',
TO_DATE ('10.10.1999', 'DD.MM.YYYY') ,'VISA', 4444444, TO_DATE ('11.11.2008', 'DD.MM.YYYY') ,7 );

INSERT INTO KUNDE_1 VALUES(8,'Frau',NULL,'Francheska','Ricardo', NULL ,'07564/888888','0175/7888888',
'zzzzzz@web.de',TO_DATE ('13.04.1985','DD.MM.YYYY') ,'8',NULL ,'FF7787888',
TO_DATE ('12.10.2003', 'DD.MM.YYYY') ,'VISA', 1233333, TO_DATE ('11.11.2008', 'DD.MM.YYYY') ,8 );

INSERT INTO KUNDE_1 VALUES(9,'Frau',NULL,'Sabrina','Schmidt', NULL ,'07564/555555','0179/7222222',
'fffffff@web.de',TO_DATE ('14.02.1982','DD.MM.YYYY') ,'9',NULL ,'GH8700000',
TO_DATE ('12.12.2002', 'DD.MM.YYYY') ,'VISA', 970999, TO_DATE ('11.11.2008', 'DD.MM.YYYY') ,9 );

INSERT INTO KUNDE_1 VALUES(10,'Herr',NULL,'Robert','Kimel', NULL ,'07226/874444','0175/7983989',
'kgjjjjjj@web.de',TO_DATE ('04.09.1969','DD.MM.YYYY') ,'10',NULL ,'AD6989898',
TO_DATE ('12.07.1989', 'DD.MM.YYYY') ,'VISA', 46666666, TO_DATE ('11.11.2008', 'DD.MM.YYYY') ,10);


INSERT INTO STATION VALUES(1,'07345/76969',2);
INSERT INTO STATION VALUES(2,'07333/76969',3);
INSERT INTO STATION VALUES(3,'06444/765969',1);
INSERT INTO STATION VALUES(4,'05888/766569',7);
INSERT INTO STATION VALUES(5,'05777/766769',8);
INSERT INTO STATION VALUES(6,'08999/7688969',9);
INSERT INTO STATION VALUES(7,'07000/7666969',10);
INSERT INTO STATION VALUES(8,'07335/7667969',11);
INSERT INTO STATION VALUES(9,'01115/7622969',13);
INSERT INTO STATION VALUES(10,'02245/7256969',15);
INSERT INTO STATION VALUES(11,'03335/7655669',17);
INSERT INTO STATION VALUES(12,'06665/765669',18);


INSERT INTO OEFFNUNGZEIT VALUES(1,1,'8.00-18.00','8.00-18.00','8.00-18.00','8.00-18.00','8.00-18.00',
'geschlossen','geschlossen');
INSERT INTO OEFFNUNGZEIT VALUES(2,2,'8.00-18.00','8.00-18.00','8.00-18.00','8.00-18.00','8.00-18.00',
'geschlossen','geschlossen');
INSERT INTO OEFFNUNGZEIT VALUES(3,3,'8.00-18.00','8.00-18.00','8.00-18.00','8.00-18.00','8.00-18.00',
'geschlossen','geschlossen');
INSERT INTO OEFFNUNGZEIT VALUES(4,4,'8.00-18.00','8.00-18.00','8.00-18.00','8.00-18.00','8.00-18.00',
'geschlossen','geschlossen');
INSERT INTO OEFFNUNGZEIT VALUES(5,5,'8.00-18.00','8.00-18.00','8.00-18.00','8.00-18.00','8.00-18.00',
'geschlossen','geschlossen');
INSERT INTO OEFFNUNGZEIT VALUES(6,6,'8.00-18.00','8.00-18.00','8.00-18.00','8.00-18.00','8.00-18.00',
'geschlossen','geschlossen');
INSERT INTO OEFFNUNGZEIT VALUES(7,7,'8.00-18.00','8.00-18.00','8.00-18.00','8.00-18.00','8.00-18.00',
'geschlossen','geschlossen');
INSERT INTO OEFFNUNGZEIT VALUES(8,8,'8.00-18.00','8.00-18.00','8.00-18.00','8.00-18.00','8.00-18.00',
'geschlossen','geschlossen');
INSERT INTO OEFFNUNGZEIT VALUES(9,9,'8.00-18.00','8.00-18.00','8.00-18.00','8.00-18.00','8.00-18.00',
'geschlossen','geschlossen');
INSERT INTO OEFFNUNGZEIT VALUES(10,10,'8.00-18.00','8.00-18.00','8.00-18.00','8.00-18.00','8.00-18.00',
'geschlossen','geschlossen');


INSERT INTO AUTOBUCHUNG VALUES(1,TO_DATE ('10.11.2006', 'DD.MM.YYYY'),TO_DATE ('17.11.2006', 'DD.MM.YYYY'),
568.00, 1, TO_DATE ('11.03.2006', 'DD.MM.YYYY'), 1, 2, 1, 1);

INSERT INTO AUTOBUCHUNG VALUES(2,TO_DATE ('12.05.2006', 'DD.MM.YYYY'),TO_DATE ('20.05.2006', 'DD.MM.YYYY'),
458.00, 1, TO_DATE ('07.02.2006', 'DD.MM.YYYY'), 3, 5, 2, 3);

INSERT INTO AUTOBUCHUNG VALUES(3,TO_DATE ('08.04.2006', 'DD.MM.YYYY'),TO_DATE ('10.04.2006', 'DD.MM.YYYY'),
200.00, 0, TO_DATE ('10.03.2006', 'DD.MM.YYYY'), 3, 7, 3, 4);

INSERT INTO AUTOBUCHUNG VALUES(4,TO_DATE ('16.05.2006', 'DD.MM.YYYY'),TO_DATE ('20.05.2006', 'DD.MM.YYYY'),
534.76, 0, TO_DATE ('04.03.2006', 'DD.MM.YYYY'), 5, 5, 4,5 );

INSERT INTO AUTOBUCHUNG VALUES(5,TO_DATE ('23.03.2006', 'DD.MM.YYYY'),TO_DATE ('27.03.2006', 'DD.MM.YYYY'),
427.30, 1, TO_DATE ('01.03.2006', 'DD.MM.YYYY'), 6, 8, 5, 8);

INSERT INTO AUTOBUCHUNG VALUES(6,TO_DATE ('15.08.2006', 'DD.MM.YYYY'),TO_DATE ('25.08.2006', 'DD.MM.YYYY'),
1200.37, 1, TO_DATE ('04.01.2006', 'DD.MM.YYYY'), 7, 8, 6, 12);

INSERT INTO AUTOBUCHUNG VALUES(7,TO_DATE ('05.05.2006', 'DD.MM.YYYY'),TO_DATE ('10.05.2006', 'DD.MM.YYYY'),
533.00,0 , TO_DATE ('04.05.2006', 'DD.MM.YYYY'), 9, 9, 7, 11);

INSERT INTO AUTOBUCHUNG VALUES(8,TO_DATE ('06.06.2006', 'DD.MM.YYYY'),TO_DATE ('08.06.2006', 'DD.MM.YYYY'),
236.08, 1, TO_DATE ('01.03.2006', 'DD.MM.YYYY'), 5, 2, 8, 6);

INSERT INTO AUTOBUCHUNG VALUES(9,TO_DATE ('29.05.2006', 'DD.MM.YYYY'),TO_DATE ('12.06.2006', 'DD.MM.YYYY'),
1378.00, 0, TO_DATE ('04.04.2006', 'DD.MM.YYYY'), 1, 2, 9, 7);

INSERT INTO AUTOBUCHUNG VALUES(10,TO_DATE ('22.03.2006', 'DD.MM.YYYY'),TO_DATE ('27.03.2006', 'DD.MM.YYYY'),
490.00, 1, TO_DATE ('03.03.2006', 'DD.MM.YYYY'), 11, 12, 10, 10);
